{
  "$schema": "http://schema.management.azure.com/schemas/2014-04-01-preview/deploymentTemplate.json#",
  "contentVersion": "1.0.0.0",
  "parameters": {
    "siteName": {
      "type": "string"
    },
    "hostingPlanName": {
      "type": "string"
    },
    "siteLocation": {
      "type": "string"
    },
    "repoUrl": {
      "type": "string"
    },
    "branch": {
      "type": "string"
    }
  },
  "resources": [
    {
      "apiVersion": "2014-06-01",
      "name": "[parameters('hostingPlanName')]",
      "type": "Microsoft.Web/serverFarms",
      "location": "[parameters('siteLocation')]",
      "properties": {
        "name": "[parameters('hostingPlanName')]",
        "sku": "Standard",
        "workerSize": "0",
        "numberOfWorkers": 1
      }
    },
    {
      "apiVersion": "2018-02-01",
      "name": "[parameters('siteName')]",
      "type": "Microsoft.Web/Sites",
      "location": "[parameters('siteLocation')]",
      "dependsOn": [
        "[concat('Microsoft.Web/serverFarms/', parameters('hostingPlanName'))]"
      ],
      "tags": {
        "[concat('hidden-related:', resourceGroup().id, '/providers/Microsoft.Web/serverfarms/', parameters('hostingPlanName'))]": "empty"
      },
      "properties": {
        "name": "[parameters('siteName')]",
        "serverFarm": null,
		"serverFarmId": "[resourceId('Microsoft.Web/serverFarms', parameters('hostingPlanName'))]",
      },
      "resources": [
        {
          "apiVersion": "2018-02-01",
          "type": "config",
          "name": "web",
          "dependsOn": [
            "[concat('Microsoft.Web/Sites/', parameters('siteName'))]"
          ],
          "properties": {
            "alwaysOn": true,
            "IsManualIntegration": true
          }
        },
        {
          "apiVersion": "2018-02-01",
          "name": "web",
          "type": "sourcecontrols",
          "dependsOn": [
            "[resourceId('Microsoft.Web/Sites', parameters('siteName'))]",
            "[concat('Microsoft.Web/Sites/', parameters('siteName'), '/config/web')]"
          ],
          "properties": {
            "RepoUrl": "[parameters('repoUrl')]",
            "branch": "[parameters('branch')]",
            "IsManualIntegration": true
          }
        }
      ]
    }
  ]
}